id,supplier_id,created_by,approved_by,approved_at,status,notes,created_at,updated_at
1,34,16,,,received,,2026-01-13T03:49:47.621926,2026-01-30T05:52:07.451087
2,29,44,42,2026-04-05T20:21:26.549896,received,,2026-03-15T17:39:20.734179,2026-04-06T03:55:10.621150
3,48,46,,,approved,,2026-03-03T16:53:11.095665,2026-05-11T21:22:36.526212
4,41,15,35,2026-03-16T07:20:38.920534,cancelled,Health stop listen large.,2026-03-03T22:53:00.954469,2026-03-18T08:22:44.860423
5,39,2,34,2026-03-22T14:54:26.145385,cancelled,,2026-03-03T18:27:45.222613,2026-06-10T17:03:39.707386
6,45,18,,,pending,Whatever professional area energy begin.,2026-01-16T13:01:07.099846,2026-05-04T02:13:57.633553
7,43,22,,,cancelled,,2026-03-12T22:43:09.497470,2026-03-27T23:52:31.008566
8,26,3,2,2026-02-13T11:28:46.597266,received,,2026-02-06T09:39:14.182337,2026-04-29T21:01:07.815584
9,48,50,19,2026-03-27T20:35:12.660000,cancelled,,2026-01-21T19:56:38.397596,2026-02-20T01:07:07.252748
10,42,4,,,received,,2026-03-30T08:17:56.867033,2026-04-21T18:09:06.285951
11,3,17,39,2026-03-22T05:25:31.802934,approved,,2026-03-05T17:58:54.829153,2026-04-18T04:59:26.711987
12,22,3,17,2026-04-22T19:15:09.723173,pending,Somebody reason compare yet seat notice benefit.,2026-03-19T11:35:29.239434,2026-05-17T15:22:38.832684
13,41,2,,,pending,,2026-03-20T15:10:04.025786,2026-05-31T11:44:21.133646
14,42,9,42,2026-04-05T02:59:00.904156,received,,2026-03-26T00:37:17.947683,2026-05-22T06:33:55.245064
15,16,44,50,2026-04-05T09:36:20.081904,cancelled,,2026-03-22T23:54:20.073343,2026-04-13T21:35:25.381634
16,24,22,18,2026-05-31T01:10:42.742867,pending,,2026-01-22T18:06:11.652476,2026-06-10T17:02:37.470819
17,7,42,38,2026-05-05T15:19:18.798074,received,,2026-03-31T09:56:26.778081,2026-05-09T18:18:03.414977
18,13,15,,,received,,2026-04-24T03:32:02.222708,2026-04-27T03:03:59.706834
19,25,45,,,received,Pattern inside main carry.,2026-01-03T23:40:03.830914,2026-03-19T06:35:55.361969
20,26,36,,,cancelled,,2026-01-05T16:02:25.698605,2026-04-14T00:32:34.115057
21,40,12,15,2026-05-02T08:19:27.276984,approved,,2026-05-02T05:09:08.360476,2026-05-23T22:15:55.231884
22,48,11,9,2026-05-22T17:44:43.712207,received,,2026-01-30T06:07:18.297921,2026-06-11T08:02:45.216922
23,12,32,7,2026-06-13T15:19:04.090824,approved,,2026-05-12T05:14:30.209352,2026-06-09T07:58:23.020689
24,24,33,11,2026-02-07T08:17:04.372897,cancelled,,2026-02-05T19:13:32.299724,2026-05-23T18:36:32.162013
25,13,17,2,2026-05-11T19:41:43.736799,pending,,2026-03-22T23:05:38.424384,2026-05-20T05:09:46.068768
26,28,26,22,2026-04-29T09:20:50.570435,pending,Paper responsibility level other chance somebody.,2026-04-02T04:20:44.706311,2026-04-28T10:55:58.580322
27,20,21,8,2026-03-12T08:57:23.387568,received,,2026-01-06T22:47:18.607499,2026-01-25T11:08:49.962335
28,22,50,17,2026-05-09T18:07:54.712781,approved,,2026-01-13T20:06:21.160543,2026-05-02T05:31:43.616143
29,20,11,28,2026-05-26T05:27:01.145189,cancelled,,2026-02-08T21:59:58.877471,2026-02-16T21:52:29.665204
30,43,1,32,2026-03-30T06:57:08.449521,approved,,2026-02-28T23:27:54.850685,2026-05-10T07:30:17.437164
31,26,18,38,2026-05-20T02:19:54.054911,approved,,2026-04-24T13:19:27.330648,2026-05-31T21:40:06.198644
32,46,4,45,2026-05-20T01:22:39.937708,received,Pay mother support successful.,2026-03-13T22:37:34.661459,2026-04-23T04:08:06.258201
33,45,34,12,2026-06-13T15:20:37.290029,pending,,2026-03-07T06:03:35.053583,2026-06-11T06:34:46.742964
34,50,23,39,2026-05-19T09:13:08.770199,approved,,2026-04-26T09:57:02.165435,2026-05-21T09:25:30.605267
35,3,45,26,2026-05-26T01:32:30.741250,pending,Reach how possible adult case once clearly reveal.,2026-04-24T04:38:05.287402,2026-06-04T08:07:48.679097
36,5,34,,,received,Citizen rather coach none evidence themselves throw.,2026-01-24T18:53:44.560545,2026-04-03T12:57:35.912357
37,3,17,,,approved,,2026-02-20T10:53:17.854918,2026-03-08T16:12:30.020522
38,16,14,23,2026-04-16T07:02:06.734566,cancelled,,2026-04-09T00:22:53.695745,2026-05-13T15:22:27.181898
39,28,14,42,2026-05-10T11:09:44.328792,approved,War war open.,2026-01-24T09:29:35.391054,2026-03-03T20:41:39.027961
40,19,46,,,pending,Garden service clearly team.,2026-04-13T10:41:31.736423,2026-05-02T21:18:00.767149
41,24,37,,,received,,2026-04-20T22:00:36.172668,2026-05-31T08:05:55.295685
42,24,28,31,2026-03-13T10:49:38.515856,cancelled,,2026-01-11T17:24:57.052138,2026-01-23T17:20:09.565310
43,39,15,32,2026-03-18T05:38:30.795579,received,,2026-01-14T03:34:07.658144,2026-03-05T08:25:51.385018
44,11,14,20,2026-06-10T10:27:55.123090,cancelled,,2026-04-12T22:44:10.330225,2026-04-17T07:18:00.901688
45,50,33,,,cancelled,Drop grow three success culture partner add.,2026-03-21T00:42:26.383806,2026-03-21T02:41:06.967663
46,44,41,20,2026-05-04T07:16:18.816250,cancelled,,2026-03-04T23:34:45.862140,2026-05-30T08:17:02.324587
47,38,38,,,received,Member mission early star card.,2026-03-07T01:45:01.956332,2026-04-02T09:14:54.820433
48,26,47,7,2026-05-25T10:32:13.632915,approved,,2026-01-12T19:54:56.552100,2026-04-05T06:52:52.603460
49,12,38,,,cancelled,,2026-03-03T07:31:24.004905,2026-03-25T17:11:54.875231
50,8,18,,,approved,,2026-04-22T14:40:09.598141,2026-06-12T08:53:06.435530
51,23,20,21,2026-06-07T15:08:38.460707,received,,2026-05-14T07:47:58.712905,2026-05-26T21:04:48.972334
52,35,36,29,2026-04-16T18:33:44.557040,received,Force author loss never his.,2026-04-11T18:33:36.190182,2026-04-18T05:42:42.019072
53,20,11,,,received,,2026-02-20T13:10:13.754604,2026-03-29T20:18:08.841405
54,25,39,49,2026-03-29T06:31:07.801945,approved,,2026-01-05T02:39:03.693876,2026-04-07T18:07:55.532742
55,31,30,7,2026-05-07T04:40:54.755224,pending,,2026-01-14T23:24:49.510420,2026-02-26T04:52:15.155128
56,1,8,39,2026-05-30T02:19:24.405068,pending,,2026-01-30T23:12:22.603207,2026-04-15T23:09:59.766253
57,27,10,,,approved,,2026-01-12T01:28:35.050251,2026-02-07T12:07:27.847102
58,21,49,,,pending,Project expert agreement dark.,2026-05-09T10:09:14.670601,2026-05-13T12:09:06.983274
59,47,6,25,2026-01-31T13:47:34.130917,approved,Author great close class know coach either.,2026-01-19T03:29:04.951028,2026-04-20T14:29:17.022458
60,16,41,30,2026-06-07T13:07:00.635581,approved,,2026-04-06T11:20:26.450825,2026-04-26T07:25:18.292656
61,39,3,19,2026-04-19T03:04:03.322332,cancelled,,2026-03-29T21:06:02.676547,2026-05-23T06:50:22.628323
62,16,17,,,pending,,2026-04-07T03:57:26.457113,2026-04-11T06:54:27.641331
63,37,46,39,2026-04-25T11:27:10.391715,cancelled,,2026-02-09T10:54:35.694359,2026-05-04T08:17:04.818553
64,17,9,,,received,,2026-02-14T18:27:26.672912,2026-03-29T12:24:56.781637
65,32,46,46,2026-04-01T04:26:24.608853,pending,Establish sound else person customer actually.,2026-03-05T21:45:36.037013,2026-04-17T19:33:14.660437
66,39,24,,,approved,Discuss for kind behind identify case.,2026-01-25T21:46:28.757007,2026-06-14T21:45:04.807319
67,16,28,6,2026-05-20T15:31:37.561023,pending,,2026-04-21T10:50:14.728147,2026-05-13T13:55:01.377764
68,16,25,45,2026-04-14T03:54:33.613993,approved,,2026-02-04T04:10:35.480893,2026-03-17T13:54:40.815107
69,12,40,30,2026-03-11T19:27:30.872223,received,Actually direction oil really product.,2026-03-06T04:53:11.455321,2026-04-02T08:21:34.663905
70,39,19,17,2026-06-10T23:58:24.065775,cancelled,,2026-02-22T16:32:05.917330,2026-06-09T04:20:30.115786
71,14,44,43,2026-03-20T08:36:28.576801,approved,Choose model strong point people pressure.,2026-02-14T16:05:30.467654,2026-05-29T15:20:54.671399
72,43,44,44,2026-05-07T14:31:36.482961,cancelled,Friend political season ask heavy there evidence stock.,2026-04-13T04:06:42.020491,2026-06-13T10:28:48.353358
73,41,13,25,2026-04-28T21:39:51.131796,approved,Kid interest case.,2026-01-19T05:34:50.200823,2026-03-29T12:16:36.647890
74,36,30,,,pending,Car act office think try tell.,2026-03-17T16:22:22.674539,2026-03-21T12:03:47.255740
75,23,29,,,approved,Degree son both door.,2026-04-04T21:33:51.391391,2026-06-06T00:50:15.254391
76,21,24,22,2026-06-09T21:26:52.237918,received,,2026-03-16T21:16:56.508090,2026-04-13T10:31:13.402344
77,16,50,,,cancelled,,2026-05-12T12:23:45.559523,2026-05-27T06:43:09.881614
78,33,5,26,2026-05-26T05:25:22.485101,approved,,2026-05-01T08:32:23.167710,2026-06-12T09:24:17.203446
79,36,46,6,2026-05-03T06:12:32.899127,pending,,2026-03-29T05:46:03.083162,2026-04-27T00:39:44.492051
80,5,34,1,2026-02-13T09:16:09.362557,pending,,2026-01-01T18:41:40.716869,2026-04-02T00:39:38.036607
81,32,34,32,2026-05-29T23:13:20.314086,cancelled,,2026-05-14T22:05:17.654332,2026-06-04T08:35:49.650796
82,16,34,,,received,,2026-02-27T17:54:13.573387,2026-05-26T19:34:23.132529
83,30,36,32,2026-03-09T21:00:43.894954,cancelled,,2026-02-10T16:22:05.157923,2026-04-15T05:57:20.893336
84,28,21,40,2026-05-11T12:28:03.694466,pending,Then class smile against.,2026-05-08T12:41:02.597042,2026-05-14T03:11:27.845989
85,46,38,10,2026-03-25T21:18:26.500319,received,Low save represent general threat.,2026-01-25T08:39:20.825400,2026-04-11T06:48:24.925834
86,34,37,,,cancelled,,2026-02-25T06:48:38.519088,2026-03-17T16:09:02.138278
87,4,11,2,2026-06-11T21:52:24.622552,cancelled,,2026-05-09T22:40:18.105672,2026-05-09T23:42:25.009320
88,45,13,50,2026-05-09T07:04:21.429637,approved,,2026-05-01T10:06:06.531297,2026-05-21T08:41:25.566784
89,24,5,26,2026-05-15T13:18:44.576345,received,,2026-02-20T19:17:21.282634,2026-03-25T20:03:09.526029
90,41,37,41,2026-05-12T10:37:48.613729,approved,Special me who mention.,2026-04-08T22:04:04.351454,2026-05-21T18:03:13.265456
91,30,26,31,2026-06-05T00:27:22.367450,cancelled,,2026-05-09T16:59:14.548860,2026-05-27T09:49:31.806895
92,1,37,10,2026-05-20T04:48:53.488496,received,,2026-05-12T20:14:10.849162,2026-06-09T19:48:31.343121
93,48,27,25,2026-03-19T00:34:35.191532,pending,,2026-02-25T01:43:21.643057,2026-05-02T11:47:10.678021
94,27,18,33,2026-05-07T00:37:04.234567,pending,Hot top site floor above like.,2026-04-04T23:46:30.479143,2026-05-28T04:14:17.359647
95,31,1,29,2026-03-12T16:54:58.127029,cancelled,,2026-01-31T02:53:29.244637,2026-05-25T04:51:13.154955
96,17,12,11,2026-06-01T06:26:59.523239,approved,,2026-04-16T06:15:45.400878,2026-05-09T02:37:45.007150
97,48,46,3,2026-04-25T18:39:10.535140,cancelled,,2026-03-15T14:36:56.029932,2026-05-08T08:59:08.558909
98,13,4,20,2026-02-27T11:24:59.323732,cancelled,,2026-02-19T14:25:24.635142,2026-03-02T11:53:17.154966
99,45,30,47,2026-04-27T11:02:16.532113,approved,,2026-04-07T22:47:48.379840,2026-04-14T13:39:27.917329
100,29,41,48,2026-05-14T22:08:29.101328,received,Fall likely article class.,2026-04-08T10:57:37.491091,2026-06-09T07:16:28.658467
