id,product_id,user_id,quantity_before,quantity_after,reason,changed_at
1,1,49,84,78,Sale,2026-01-13T09:35:05.578023
2,1,,78,75,Sale,2026-01-04T00:56:09.859163
3,1,32,75,120,Return,2026-02-06T01:56:47.520567
4,1,,120,142,Sale,2026-03-23T22:49:06.659276
5,1,48,142,124,PO received,2026-03-21T06:50:30.588019
6,1,17,124,140,Manual adjustment,2026-03-17T02:49:32.463095
7,1,30,140,142,PO received,2026-02-22T02:00:13.106705
8,1,31,142,130,Sale,2026-01-14T01:00:47.360280
9,2,,54,64,Manual adjustment,2026-05-13T19:29:00.830779
10,2,19,64,104,PO received,2026-03-07T18:49:40.189931
11,2,24,104,87,Return,2026-05-08T17:55:52.674545
12,2,28,87,72,PO received,2026-04-17T09:22:15.330020
13,2,,72,80,PO received,2026-01-24T01:26:50.176803
14,2,11,80,119,Manual adjustment,2026-03-24T17:26:46.855567
15,3,36,23,64,Sale,2026-02-03T01:01:59.359786
16,3,36,64,81,PO received,2026-04-12T03:38:48.550995
17,3,20,81,120,Sale,2026-05-13T00:53:52.627835
18,3,35,120,135,Return,2026-01-21T05:31:26.563622
19,3,31,135,139,PO received,2026-02-20T05:34:49.531479
20,3,46,139,139,PO received,2026-02-26T09:45:29.960877
21,3,,139,185,Expired,2026-04-22T09:31:35.530258
22,4,30,12,53,Expired,2026-02-28T06:03:46.040201
23,4,28,53,94,Sale,2026-02-15T19:35:35.680314
24,4,48,94,131,PO received,2026-03-31T09:36:01.195201
25,4,,131,162,Sale,2026-04-02T23:33:27.620005
26,4,,162,179,Manual adjustment,2026-04-13T16:20:33.789828
27,4,17,179,161,Manual adjustment,2026-01-09T02:21:01.369788
28,4,31,161,164,Manual adjustment,2026-03-13T08:48:15.633543
29,5,,162,154,Sale,2026-03-28T19:55:35.816197
30,5,,154,171,Expired,2026-02-12T01:56:47.499697
31,5,7,171,173,Manual adjustment,2026-02-21T18:00:19.806009
32,6,49,162,205,Manual adjustment,2026-03-16T22:06:13.811987
33,6,22,205,209,PO received,2026-03-03T12:53:03.305015
34,6,,209,240,PO received,2026-01-12T10:16:40.810569
35,6,24,240,247,Manual adjustment,2026-03-03T20:53:12.711166
36,6,,247,245,Manual adjustment,2026-03-26T22:59:28.341191
37,6,37,245,266,PO received,2026-03-26T02:07:55.187825
38,7,,138,120,Manual adjustment,2026-01-01T02:01:33.443592
39,7,,120,117,PO received,2026-01-30T04:39:47.899495
40,7,41,117,126,PO received,2026-04-10T22:02:36.048049
41,7,,126,139,Return,2026-04-12T08:00:54.472891
42,8,39,190,179,Sale,2026-05-13T12:34:03.138916
43,8,32,179,170,Expired,2026-01-09T16:23:31.569135
44,8,4,170,190,Expired,2026-03-29T13:33:24.257788
45,8,23,190,223,Sale,2026-01-07T13:28:35.369691
46,9,5,74,83,Return,2026-02-17T11:57:26.398418
47,9,4,83,109,Return,2026-03-22T14:16:50.827305
48,9,24,109,129,Manual adjustment,2026-02-01T09:31:04.567386
49,9,,129,155,Sale,2026-04-19T12:20:05.399817
50,9,,155,159,PO received,2026-01-07T21:12:26.845488
51,9,10,159,156,Expired,2026-04-16T22:54:54.659499
52,9,5,156,183,Expired,2026-04-21T02:54:16.439867
53,10,10,74,107,Return,2026-04-03T10:27:51.661697
54,10,,107,95,Manual adjustment,2026-03-21T12:19:55.495564
55,10,36,95,99,Manual adjustment,2026-05-11T02:36:35.798386
56,10,8,99,91,Return,2026-03-14T04:57:02.565780
57,10,,91,86,Return,2026-03-30T05:44:43.955666
58,10,,86,73,Expired,2026-01-09T06:50:03.013019
59,10,9,73,99,PO received,2026-02-07T03:00:12.092246
60,10,2,99,93,Sale,2026-03-03T06:10:52.588520
61,11,30,183,171,Sale,2026-05-07T08:04:19.547548
62,11,40,171,158,Sale,2026-04-19T04:41:01.977856
63,11,10,158,161,Expired,2026-04-26T11:49:27.598984
64,11,16,161,163,PO received,2026-04-25T16:22:15.433697
65,11,,163,178,Manual adjustment,2026-03-27T02:04:10.065785
66,11,36,178,175,Manual adjustment,2026-01-09T05:40:54.172618
67,11,47,175,182,Manual adjustment,2026-04-25T11:17:37.688089
68,12,,62,45,PO received,2026-01-20T03:29:07.428729
69,12,34,45,75,PO received,2026-04-12T20:47:21.211893
70,12,,75,67,Manual adjustment,2026-02-07T14:01:27.342833
71,12,,67,98,Expired,2026-05-08T03:41:46.040454
72,12,40,98,119,Expired,2026-03-26T19:03:38.132498
73,12,13,119,125,PO received,2026-03-15T10:15:52.569987
74,12,13,125,133,Expired,2026-03-14T03:28:40.595226
75,12,24,133,156,PO received,2026-02-23T09:41:26.177972
76,12,21,156,194,Sale,2026-03-01T14:03:33.495110
77,12,25,194,181,PO received,2026-01-08T07:38:01.901556
78,13,31,167,185,Expired,2026-04-22T00:25:26.956866
79,13,44,185,176,Sale,2026-04-06T02:36:07.425521
80,13,8,176,213,Expired,2026-02-12T15:33:31.403099
81,13,20,213,246,Return,2026-04-10T19:33:33.439597
82,13,,246,296,Expired,2026-01-18T00:59:14.358150
83,14,,179,162,Expired,2026-01-31T22:02:22.013669
84,14,9,162,199,Sale,2026-03-02T02:48:15.052943
85,14,46,199,188,PO received,2026-01-05T04:57:06.250235
86,14,,188,222,PO received,2026-05-10T20:52:37.654809
87,14,46,222,260,Sale,2026-02-18T21:07:45.355916
88,14,16,260,296,Sale,2026-02-03T03:18:26.620762
89,14,,296,316,PO received,2026-04-06T14:57:49.486562
90,14,50,316,340,Manual adjustment,2026-02-02T18:36:40.394427
91,14,39,340,342,Manual adjustment,2026-01-17T11:52:02.634785
92,14,10,342,363,Manual adjustment,2026-02-16T07:51:08.584017
93,15,18,81,71,Manual adjustment,2026-02-09T12:12:47.119642
94,15,29,71,77,Manual adjustment,2026-05-01T12:08:44.418691
95,15,48,77,62,Return,2026-03-29T23:13:04.497591
96,15,41,62,67,Return,2026-02-08T09:58:56.015792
97,15,15,67,114,Manual adjustment,2026-04-17T20:52:25.751083
98,16,42,172,194,Expired,2026-04-27T00:30:50.032382
99,16,17,194,237,Return,2026-01-23T16:24:22.212574
100,16,,237,266,Expired,2026-03-23T19:39:29.134116
101,16,,266,278,Manual adjustment,2026-02-26T19:04:37.631248
102,16,20,278,311,Expired,2026-02-03T06:57:40.754648
103,16,2,311,340,PO received,2026-04-23T22:58:21.717538
104,16,,340,326,Manual adjustment,2026-04-27T08:22:45.660600
105,16,35,326,321,Sale,2026-01-05T20:38:22.252185
106,17,20,104,104,Return,2026-02-07T03:18:59.304640
107,17,25,104,122,Sale,2026-02-02T07:04:51.662466
108,17,,122,132,Manual adjustment,2026-02-13T12:02:20.273724
109,17,48,132,156,Expired,2026-03-01T09:26:06.225788
110,18,,96,100,PO received,2026-05-08T05:49:33.513707
111,18,,100,90,Expired,2026-05-01T19:13:16.128299
112,18,4,90,105,Manual adjustment,2026-04-14T20:42:15.057733
113,18,23,105,140,Manual adjustment,2026-04-10T01:22:55.369767
114,18,38,140,147,Expired,2026-02-14T08:16:06.027518
115,19,45,158,192,Expired,2026-01-28T00:33:55.309261
116,19,42,192,173,Return,2026-01-22T11:35:02.457002
117,19,26,173,196,PO received,2026-05-13T23:28:08.978713
118,19,,196,207,PO received,2026-03-03T21:21:44.989749
119,19,15,207,239,Return,2026-01-17T16:59:40.729804
120,19,23,239,243,Return,2026-01-03T07:52:07.749558
121,19,7,243,256,Expired,2026-03-01T04:26:36.801044
122,19,19,256,300,Expired,2026-03-16T15:42:41.991150
123,20,,200,217,PO received,2026-04-13T11:39:30.571770
124,20,37,217,214,Sale,2026-03-23T16:17:25.788858
125,20,49,214,210,Manual adjustment,2026-03-22T16:55:42.333861
126,20,6,210,238,PO received,2026-02-26T06:58:26.131925
127,20,,238,235,Sale,2026-04-01T14:25:24.193187
128,20,48,235,234,Return,2026-04-08T12:41:34.469386
129,21,1,147,170,PO received,2026-01-31T05:41:04.885590
130,21,37,170,207,Manual adjustment,2026-01-28T16:14:00.926603
131,21,3,207,238,Manual adjustment,2026-02-06T01:22:30.302639
132,21,,238,251,Return,2026-01-18T03:55:57.962574
133,21,39,251,283,Expired,2026-02-22T07:03:08.150831
134,22,7,40,22,Manual adjustment,2026-01-18T05:10:10.576922
135,22,49,22,70,Return,2026-01-23T23:09:37.193932
136,22,7,70,51,Return,2026-04-20T06:37:28.637269
137,22,17,51,89,Manual adjustment,2026-01-27T13:53:26.951957
138,22,36,89,117,Return,2026-04-13T09:38:24.769885
139,23,29,194,177,Return,2026-02-11T16:43:57.195070
140,23,,177,196,Manual adjustment,2026-02-24T18:17:01.694746
141,23,13,196,211,Expired,2026-01-04T11:08:33.803541
142,23,,211,221,Sale,2026-05-12T20:31:22.431780
143,23,12,221,245,PO received,2026-01-06T08:18:04.853327
144,23,22,245,270,PO received,2026-01-05T04:48:37.303975
145,23,,270,275,Manual adjustment,2026-03-24T18:19:33.450810
146,23,,275,291,PO received,2026-01-29T20:23:59.098128
147,23,5,291,302,Manual adjustment,2026-02-03T12:54:10.036716
148,24,,149,141,PO received,2026-02-08T13:52:09.402995
149,24,27,141,178,Sale,2026-03-13T10:21:01.374861
150,24,,178,213,Return,2026-05-07T15:37:04.708984
151,24,29,213,206,PO received,2026-05-05T13:01:24.802886
152,25,24,92,79,PO received,2026-03-14T12:13:23.076104
153,25,13,79,127,Expired,2026-03-22T05:41:04.058475
154,25,,127,157,Sale,2026-01-26T09:39:11.762930
155,25,9,157,154,Expired,2026-02-21T23:08:34.743575
156,26,,195,207,PO received,2026-01-11T05:57:10.413855
157,26,,207,249,Sale,2026-05-06T11:17:35.622500
158,26,,249,289,Expired,2026-04-28T12:16:58.345969
159,26,33,289,297,Manual adjustment,2026-04-25T08:14:12.263405
160,26,,297,337,Return,2026-04-06T04:13:20.222025
161,27,45,124,118,Return,2026-01-03T03:27:47.039353
162,27,31,118,98,Sale,2026-04-26T01:03:45.121968
163,27,,98,82,PO received,2026-05-15T10:06:14.323100
164,28,19,97,99,Sale,2026-02-14T23:03:20.948608
165,28,6,99,134,Manual adjustment,2026-04-06T04:55:14.698588
166,28,14,134,118,Manual adjustment,2026-01-22T12:23:46.389167
167,28,44,118,134,Manual adjustment,2026-03-05T21:08:02.852323
168,28,7,134,154,Return,2026-04-05T22:36:07.624574
169,28,,154,202,Return,2026-04-26T02:01:42.795675
170,28,44,202,198,Manual adjustment,2026-03-13T08:26:24.151345
171,29,,192,223,Expired,2026-05-08T18:47:34.635961
172,29,25,223,267,Sale,2026-04-04T19:21:09.259897
173,29,37,267,264,PO received,2026-04-20T12:04:40.645325
174,29,26,264,307,Manual adjustment,2026-04-04T07:46:52.486348
175,29,,307,290,Manual adjustment,2026-04-28T17:12:18.783285
176,29,16,290,332,Return,2026-04-29T02:09:48.030616
177,29,13,332,330,Manual adjustment,2026-05-13T18:17:19.128886
178,30,29,190,192,Expired,2026-03-08T21:12:53.924119
179,30,28,192,182,PO received,2026-04-30T06:35:00.163851
180,30,23,182,226,Return,2026-01-24T16:07:44.521932
181,30,,226,212,Return,2026-02-23T11:05:38.815239
182,30,,212,202,PO received,2026-03-21T00:04:43.285861
183,30,14,202,202,Manual adjustment,2026-04-21T05:13:28.655410
184,30,,202,250,Expired,2026-03-15T23:34:51.210129
185,30,27,250,282,PO received,2026-04-09T15:59:48.297451
186,30,36,282,322,Sale,2026-01-15T09:02:30.252929
187,30,,322,368,Manual adjustment,2026-03-23T07:06:59.035583
188,31,,23,40,Sale,2026-05-15T05:07:12.206573
189,31,19,40,52,Expired,2026-02-13T20:19:29.158255
190,31,27,52,62,Expired,2026-02-28T11:44:47.574362
191,32,9,132,134,Return,2026-02-11T16:53:12.022155
192,32,6,134,159,Return,2026-03-23T02:16:08.841708
193,32,20,159,197,PO received,2026-02-12T06:18:10.547456
194,32,29,197,217,Sale,2026-03-10T10:47:45.696940
195,32,,217,250,Manual adjustment,2026-02-27T23:50:39.149284
196,32,3,250,278,Return,2026-02-26T15:49:52.822381
197,32,21,278,326,Manual adjustment,2026-01-15T16:42:08.849383
198,32,49,326,311,Manual adjustment,2026-01-19T20:59:15.914568
199,32,,311,353,PO received,2026-02-07T19:25:47.087788
200,33,22,167,209,PO received,2026-02-10T06:42:26.903844
201,33,38,209,191,Return,2026-03-16T13:32:27.018918
202,33,15,191,235,Return,2026-04-25T01:12:42.589677
203,33,7,235,237,Return,2026-03-27T18:27:42.663711
204,33,4,237,273,Manual adjustment,2026-01-26T05:34:21.540470
205,33,,273,281,Expired,2026-02-17T01:11:41.756021
206,34,,172,207,PO received,2026-03-08T13:12:52.980592
207,34,3,207,239,PO received,2026-01-30T18:14:29.205949
208,34,10,239,259,Expired,2026-02-20T21:00:00.911796
209,35,35,191,233,PO received,2026-02-09T17:36:16.103696
210,35,22,233,279,Manual adjustment,2026-05-12T20:06:53.883469
211,35,41,279,302,PO received,2026-02-08T19:57:27.584859
212,35,8,302,311,PO received,2026-04-27T04:26:12.866549
213,35,46,311,298,Expired,2026-02-13T11:07:23.789307
214,35,39,298,330,Return,2026-03-15T23:45:34.756469
215,35,,330,335,Manual adjustment,2026-01-05T21:05:36.009801
216,36,8,25,26,PO received,2026-04-11T00:00:16.016442
217,36,,26,45,Sale,2026-02-03T07:42:04.930209
218,36,50,45,41,Manual adjustment,2026-03-31T22:01:42.766119
219,37,,110,94,Sale,2026-02-01T04:32:02.303498
220,37,11,94,97,Manual adjustment,2026-02-27T17:13:57.055051
221,37,2,97,104,Sale,2026-04-07T08:24:20.345622
222,37,23,104,119,Expired,2026-03-01T03:44:32.571703
223,37,,119,154,PO received,2026-04-26T16:19:47.822386
224,37,24,154,154,Sale,2026-04-03T18:21:56.196025
225,37,1,154,157,Expired,2026-02-01T15:50:26.235800
226,37,27,157,160,Return,2026-01-18T10:43:03.475456
227,37,21,160,168,PO received,2026-02-03T16:01:43.960287
228,38,15,67,105,Expired,2026-02-11T21:00:51.379022
229,38,,105,95,Sale,2026-02-03T15:12:36.215982
230,38,49,95,104,PO received,2026-01-01T06:45:50.197586
231,38,46,104,105,Expired,2026-02-06T08:43:35.429443
232,38,14,105,114,Expired,2026-01-22T11:10:34.299340
233,38,33,114,120,Return,2026-04-17T02:20:38.684850
234,38,10,120,125,Return,2026-02-07T01:49:10.876756
235,38,11,125,109,Expired,2026-02-23T11:51:47.279170
236,39,,113,140,Expired,2026-02-16T21:30:58.888132
237,39,,140,155,Return,2026-02-18T21:56:40.165514
238,39,38,155,154,Expired,2026-05-04T20:28:25.916741
239,39,49,154,204,Return,2026-03-31T22:22:58.550399
240,39,26,204,201,Expired,2026-04-07T16:47:49.298046
241,39,,201,209,Expired,2026-04-27T05:29:06.057300
242,39,,209,223,Return,2026-01-14T02:10:33.250529
243,39,37,223,246,PO received,2026-02-03T19:34:35.206261
244,40,45,158,147,Manual adjustment,2026-04-26T12:06:21.939782
245,40,45,147,167,Sale,2026-04-20T09:47:12.712070
246,40,13,167,212,Expired,2026-02-08T05:38:20.944249
247,40,,212,252,Sale,2026-01-31T23:37:21.777742
248,40,7,252,277,Manual adjustment,2026-04-03T09:18:23.843233
249,40,46,277,296,Sale,2026-02-27T13:43:37.377271
250,40,12,296,301,Sale,2026-02-23T20:30:42.709797
251,40,34,301,341,PO received,2026-04-12T21:59:28.874151
252,40,25,341,374,Manual adjustment,2026-03-18T09:34:50.342144
253,41,11,131,124,Return,2026-03-09T04:21:31.167276
254,41,29,124,157,Sale,2026-04-02T20:00:43.413517
255,41,4,157,205,Sale,2026-05-05T11:08:15.205574
256,41,15,205,192,Manual adjustment,2026-04-26T02:17:10.139023
257,41,26,192,185,Expired,2026-03-08T00:05:57.922082
258,41,,185,166,Return,2026-01-17T14:17:38.764633
259,41,9,166,154,Manual adjustment,2026-04-15T04:33:50.957571
260,41,,154,179,Sale,2026-01-31T04:30:01.364401
261,41,7,179,177,Sale,2026-05-07T09:55:29.252729
262,42,15,92,121,Manual adjustment,2026-03-06T00:49:34.080197
263,42,20,121,129,Manual adjustment,2026-05-01T23:02:21.176284
264,42,37,129,169,Expired,2026-03-26T13:22:23.025533
265,42,,169,201,Return,2026-01-28T00:01:36.680106
266,42,9,201,238,Manual adjustment,2026-01-10T10:11:56.107929
267,43,23,161,194,Expired,2026-04-15T03:09:06.385432
268,43,,194,202,Sale,2026-03-04T14:26:25.651862
269,43,45,202,199,Expired,2026-02-05T22:14:55.935883
270,43,18,199,181,Manual adjustment,2026-02-17T02:02:57.730197
271,44,27,127,148,Expired,2026-03-31T04:43:49.396471
272,44,1,148,160,Expired,2026-01-14T05:51:51.798846
273,44,27,160,145,Manual adjustment,2026-02-20T05:21:35.244048
274,44,,145,188,Sale,2026-04-28T11:18:46.507566
275,45,29,139,175,Manual adjustment,2026-01-16T00:51:21.137573
276,45,48,175,206,Expired,2026-03-10T22:09:23.429199
277,45,48,206,213,PO received,2026-02-25T12:57:34.805686
278,45,15,213,224,Return,2026-02-12T04:08:06.776139
279,45,,224,246,Manual adjustment,2026-04-12T12:46:37.730695
280,45,,246,262,Sale,2026-04-20T16:43:49.747599
281,45,10,262,308,Expired,2026-01-10T05:12:15.883771
282,45,,308,350,Expired,2026-03-25T16:22:53.573670
283,46,6,165,161,Sale,2026-01-22T17:15:27.729151
284,46,48,161,163,PO received,2026-01-22T16:43:47.998191
285,46,50,163,205,PO received,2026-04-11T15:23:07.626309
286,46,25,205,230,Manual adjustment,2026-01-19T20:49:04.624567
287,46,42,230,274,Manual adjustment,2026-01-25T08:52:03.848609
288,46,35,274,323,PO received,2026-01-08T23:19:06.853008
289,46,14,323,350,Manual adjustment,2026-02-18T06:53:25.906803
290,46,46,350,394,Sale,2026-02-26T12:56:36.922114
291,47,20,110,140,Return,2026-01-12T05:38:26.494142
292,47,44,140,148,Return,2026-01-31T18:32:17.995160
293,47,14,148,159,Return,2026-04-26T02:15:19.192478
294,47,37,159,164,PO received,2026-03-31T00:35:08.896090
295,47,25,164,199,Return,2026-05-14T14:29:23.165915
296,47,,199,214,Expired,2026-02-08T23:20:55.960211
297,47,40,214,211,Sale,2026-01-25T00:14:49.399342
298,47,35,211,260,Expired,2026-02-25T04:10:56.940643
299,47,4,260,301,Return,2026-04-27T04:52:50.250793
300,47,36,301,337,Sale,2026-05-10T23:09:34.392298
301,48,,26,72,Sale,2026-03-14T14:37:29.297969
302,48,37,72,118,Return,2026-01-05T06:35:53.942894
303,48,45,118,106,Expired,2026-03-25T08:02:24.275915
304,48,17,106,135,PO received,2026-04-27T06:09:05.026886
305,48,,135,115,Sale,2026-04-25T03:56:28.113626
306,49,23,111,153,Sale,2026-04-29T20:15:53.529862
307,49,13,153,193,Sale,2026-05-08T07:49:03.433751
308,49,,193,220,Return,2026-01-20T03:46:57.574337
309,49,8,220,249,Sale,2026-01-17T00:42:39.199706
310,49,43,249,257,Expired,2026-02-27T08:49:30.253600
311,49,33,257,303,PO received,2026-03-20T14:02:17.755107
312,49,,303,333,Expired,2026-04-09T02:49:13.682487
313,50,34,34,71,PO received,2026-02-03T09:31:10.415902
314,50,,71,55,Manual adjustment,2026-01-15T08:20:44.508755
315,50,9,55,93,Return,2026-05-06T02:07:22.174542
316,50,39,93,82,Manual adjustment,2026-02-14T10:44:41.037528
317,50,38,82,84,Sale,2026-04-09T18:57:17.606678
318,50,47,84,130,Expired,2026-04-19T14:33:03.558208
319,50,28,130,162,Manual adjustment,2026-03-01T21:43:53.960872
320,50,12,162,191,Sale,2026-01-25T10:49:25.133766
321,50,,191,202,Manual adjustment,2026-03-11T13:02:11.042208
322,50,23,202,240,Sale,2026-01-11T05:10:25.225840
323,51,,64,98,PO received,2026-02-18T01:11:41.360346
324,51,,98,102,Expired,2026-02-15T01:41:41.577744
325,51,50,102,96,Expired,2026-01-17T07:44:29.352535
326,51,,96,92,Manual adjustment,2026-03-27T00:23:11.149744
327,51,7,92,99,PO received,2026-03-06T23:04:34.647335
328,51,34,99,91,Manual adjustment,2026-02-27T02:30:12.196414
329,51,49,91,136,Manual adjustment,2026-05-02T00:36:50.681700
330,52,,84,118,Manual adjustment,2026-01-27T10:36:06.912459
331,52,35,118,144,Return,2026-02-15T02:25:48.666459
332,52,3,144,169,PO received,2026-05-03T06:16:23.722052
333,52,34,169,203,Manual adjustment,2026-01-03T15:47:11.913538
334,52,40,203,198,PO received,2026-03-29T18:35:00.241613
335,52,,198,246,Expired,2026-04-02T02:26:47.590405
336,52,12,246,279,Manual adjustment,2026-02-22T22:09:58.801889
337,53,6,16,63,Expired,2026-02-10T16:40:30.221287
338,53,7,63,57,Sale,2026-05-06T10:50:40.870198
339,53,16,57,96,Manual adjustment,2026-03-21T18:45:31.293148
340,53,21,96,91,PO received,2026-01-10T13:44:11.459384
341,53,4,91,71,Return,2026-03-22T09:52:00.842952
342,53,,71,113,Sale,2026-04-06T18:02:05.572998
343,53,,113,102,Return,2026-02-22T22:08:07.781693
344,54,15,134,126,Manual adjustment,2026-03-15T03:13:50.245262
345,54,40,126,140,Expired,2026-05-15T23:04:18.623808
346,54,,140,151,Sale,2026-03-14T06:23:38.457218
347,54,8,151,168,Manual adjustment,2026-04-08T05:21:39.922527
348,54,,168,218,PO received,2026-03-06T08:53:13.675063
349,54,3,218,229,Return,2026-03-10T17:22:25.246318
350,54,4,229,242,Manual adjustment,2026-03-31T11:22:40.007458
351,54,,242,224,Sale,2026-04-24T05:00:16.260654
352,55,16,180,218,PO received,2026-03-18T11:00:47.283781
353,55,5,218,268,Return,2026-01-30T06:13:16.018977
354,55,,268,261,PO received,2026-03-31T23:27:48.544074
355,55,,261,274,Sale,2026-01-17T03:33:42.891739
356,55,,274,312,Expired,2026-02-14T14:27:22.295715
357,55,48,312,328,PO received,2026-02-04T22:24:35.953379
358,55,,328,340,Manual adjustment,2026-05-14T02:43:17.636306
359,55,,340,362,Expired,2026-03-15T07:34:19.529730
360,56,13,97,85,Manual adjustment,2026-03-03T17:54:25.824183
361,56,,85,100,Expired,2026-03-26T06:58:45.392165
362,56,34,100,119,Manual adjustment,2026-01-03T02:36:38.316217
363,56,37,119,161,Return,2026-02-20T04:32:24.862415
364,56,47,161,162,Expired,2026-05-15T09:37:58.263400
365,56,49,162,194,Return,2026-02-07T15:43:39.752616
366,56,5,194,220,Manual adjustment,2026-02-23T01:27:58.124657
367,56,,220,228,Return,2026-05-08T00:45:46.602487
368,56,13,228,275,Return,2026-04-30T03:11:58.820247
369,56,,275,260,Sale,2026-05-15T01:57:17.424133
370,57,46,146,194,Sale,2026-04-19T21:11:32.653642
371,57,17,194,222,Manual adjustment,2026-02-04T18:48:38.611130
372,57,,222,234,Manual adjustment,2026-04-22T02:40:41.447013
373,57,42,234,222,Sale,2026-02-27T17:47:59.285372
374,57,8,222,218,Expired,2026-02-09T23:39:15.919130
375,57,,218,217,Return,2026-02-10T15:14:53.113719
376,57,8,217,239,Manual adjustment,2026-02-04T09:14:58.410788
377,57,9,239,249,PO received,2026-02-15T02:55:47.925186
378,57,21,249,276,Sale,2026-01-04T03:41:12.139977
379,58,,151,194,Return,2026-04-15T08:18:45.333859
380,58,7,194,230,PO received,2026-01-03T02:40:07.011432
381,58,48,230,228,Return,2026-02-12T05:49:45.961891
382,58,23,228,264,Expired,2026-04-16T02:04:16.632096
383,58,13,264,303,Return,2026-01-30T13:58:22.263146
384,58,,303,318,Manual adjustment,2026-01-05T07:16:55.744475
385,59,31,28,58,Sale,2026-04-14T15:28:31.393538
386,59,,58,51,Sale,2026-03-31T01:39:53.447687
387,59,,51,97,Expired,2026-02-16T12:00:17.498066
388,59,20,97,103,Expired,2026-01-13T11:20:49.542530
389,59,5,103,87,PO received,2026-04-08T04:42:05.512402
390,59,10,87,98,Manual adjustment,2026-04-11T12:02:27.162197
391,59,,98,112,Return,2026-03-11T14:31:42.920645
392,60,21,143,185,PO received,2026-02-01T07:18:45.102673
393,60,29,185,219,PO received,2026-04-29T16:28:54.929362
394,60,,219,232,Sale,2026-03-23T15:12:52.963148
395,60,,232,261,Return,2026-01-26T17:17:29.729982
396,60,,261,284,PO received,2026-03-30T03:03:18.448732
397,60,42,284,308,PO received,2026-04-04T04:19:33.308038
398,61,38,28,65,PO received,2026-02-16T14:19:11.350435
399,61,39,65,75,Sale,2026-02-12T20:29:07.824834
400,61,15,75,103,Return,2026-02-02T00:50:06.949449
401,62,42,50,93,Return,2026-05-07T13:52:13.043777
402,62,43,93,95,Sale,2026-03-10T11:35:06.639928
403,62,,95,79,Expired,2026-05-01T12:45:46.579803
404,62,2,79,79,Manual adjustment,2026-01-24T04:40:51.238471
405,62,17,79,77,Sale,2026-04-08T10:38:03.644679
406,62,33,77,78,Expired,2026-03-22T01:10:44.428009
407,62,44,78,116,Return,2026-02-20T11:17:01.519655
408,63,40,193,243,Sale,2026-02-18T15:47:33.748294
409,63,1,243,243,Sale,2026-03-11T18:02:54.266202
410,63,,243,238,Expired,2026-02-10T02:17:32.013815
411,64,,97,81,Expired,2026-05-04T06:24:14.075704
412,64,,81,114,Expired,2026-02-11T11:01:41.523329
413,64,14,114,117,Return,2026-02-27T11:45:21.430976
414,64,49,117,103,Expired,2026-02-04T14:59:03.668257
415,64,39,103,113,PO received,2026-04-20T08:06:09.809679
416,64,,113,96,Expired,2026-03-30T16:07:18.089161
417,64,7,96,135,Expired,2026-02-02T16:11:48.898261
418,64,34,135,169,Expired,2026-02-03T01:17:24.891613
419,64,24,169,204,Return,2026-05-12T13:47:42.305394
420,65,,167,176,Expired,2026-01-14T20:12:18.915334
421,65,1,176,177,Manual adjustment,2026-01-20T03:13:13.660979
422,65,50,177,163,Sale,2026-04-04T12:52:27.313866
423,65,16,163,205,Expired,2026-01-18T19:13:46.944780
424,65,,205,214,Expired,2026-04-01T14:05:59.968334
425,65,,214,243,Sale,2026-02-23T12:58:58.122683
426,66,,32,57,Return,2026-01-19T21:47:33.698470
427,66,13,57,89,Sale,2026-04-01T06:28:16.704926
428,66,50,89,78,Sale,2026-01-22T03:09:30.295618
429,67,42,49,32,Expired,2026-04-04T00:25:03.372366
430,67,,32,58,Sale,2026-04-23T16:32:31.532291
431,67,16,58,53,Expired,2026-02-08T22:45:10.680147
432,67,13,53,94,Manual adjustment,2026-01-24T21:21:39.026682
433,67,13,94,136,PO received,2026-01-22T16:39:18.309608
434,67,15,136,135,Sale,2026-01-07T01:00:46.504193
435,67,34,135,180,PO received,2026-02-18T03:56:09.406567
436,67,26,180,195,PO received,2026-03-14T11:27:19.886233
437,67,7,195,227,Expired,2026-02-16T12:41:52.608341
438,67,24,227,259,Manual adjustment,2026-03-15T11:00:53.214656
439,68,17,5,5,Return,2026-03-01T09:36:45.269434
440,68,19,5,0,Return,2026-05-11T15:26:39.704321
441,68,26,0,25,Manual adjustment,2026-01-19T21:04:39.051586
442,68,,25,41,Sale,2026-02-21T02:10:16.103798
443,68,1,41,87,Expired,2026-04-25T00:29:05.895720
444,68,32,87,124,Sale,2026-05-09T11:21:28.895850
445,68,33,124,159,Sale,2026-03-08T01:58:25.612624
446,68,,159,196,Expired,2026-01-21T00:10:20.621464
447,68,,196,238,Expired,2026-01-16T23:14:06.382398
448,68,26,238,282,Expired,2026-01-12T21:39:59.651901
449,69,50,54,56,Expired,2026-04-10T12:03:03.605339
450,69,38,56,61,Return,2026-01-22T04:05:35.406930
451,69,3,61,81,PO received,2026-04-05T23:31:46.895039
452,69,18,81,78,Expired,2026-01-09T11:04:41.691085
453,70,26,25,29,Expired,2026-03-07T19:19:47.291924
454,70,39,29,39,Expired,2026-02-10T22:17:38.818460
455,70,35,39,85,PO received,2026-03-07T07:07:30.768264
456,70,40,85,124,PO received,2026-03-17T13:46:06.223752
457,70,4,124,109,Sale,2026-03-04T22:32:33.716910
458,70,28,109,138,Return,2026-02-23T01:02:58.952972
459,70,,138,170,Sale,2026-04-18T15:26:50.952783
460,70,20,170,218,PO received,2026-01-07T13:33:12.405384
461,70,29,218,227,Return,2026-05-05T16:13:36.031189
462,70,,227,215,Expired,2026-02-17T11:43:24.272893
463,71,25,173,161,Sale,2026-03-04T18:29:02.378814
464,71,15,161,162,Expired,2026-01-21T11:39:33.348206
465,71,,162,172,Manual adjustment,2026-01-07T10:42:16.998675
466,72,26,47,75,Sale,2026-04-09T04:39:28.086506
467,72,32,75,67,Return,2026-01-12T16:05:41.657784
468,72,18,67,50,Manual adjustment,2026-01-14T21:21:51.264009
469,72,,50,83,Manual adjustment,2026-05-12T20:03:47.712025
470,73,47,27,35,Manual adjustment,2026-02-10T07:23:45.449562
471,73,18,35,54,PO received,2026-01-27T02:42:03.427175
472,73,,54,41,Expired,2026-05-04T20:10:28.436396
473,73,,41,51,Return,2026-03-30T20:02:16.041046
474,74,3,154,189,Sale,2026-04-19T17:04:18.396537
475,74,46,189,229,Return,2026-04-13T20:17:02.781761
476,74,40,229,265,PO received,2026-05-07T08:09:18.789992
477,75,14,105,126,Sale,2026-03-20T23:04:44.403991
478,75,,126,113,Manual adjustment,2026-02-21T06:48:40.810806
479,75,8,113,120,Manual adjustment,2026-02-18T08:55:22.903877
480,75,17,120,107,Expired,2026-01-31T18:14:15.282990
481,75,,107,134,Manual adjustment,2026-04-10T15:37:23.737693
482,76,,0,41,Sale,2026-05-06T01:47:41.677187
483,76,19,41,54,Expired,2026-03-19T19:00:22.083427
484,76,,54,41,PO received,2026-02-23T05:02:31.946979
485,76,,41,35,PO received,2026-02-25T23:43:33.287601
486,77,10,144,152,PO received,2026-04-03T22:40:54.147066
487,77,5,152,191,PO received,2026-03-11T13:28:24.349450
488,77,14,191,197,Manual adjustment,2026-01-09T02:33:15.664531
489,77,15,197,238,Return,2026-02-24T01:16:51.626292
490,77,24,238,267,Return,2026-03-15T21:31:30.347125
491,77,,267,314,Manual adjustment,2026-03-01T11:00:31.034556
492,77,,314,340,Return,2026-01-30T05:21:09.817356
493,77,,340,336,Expired,2026-01-23T11:02:28.842780
494,77,41,336,372,Sale,2026-02-19T16:52:02.385088
495,77,1,372,367,Expired,2026-03-01T08:05:31.116332
496,78,,184,213,Sale,2026-04-04T09:34:43.979875
497,78,16,213,241,Expired,2026-03-04T13:14:04.491402
498,78,,241,255,PO received,2026-05-01T12:25:10.386872
499,78,,255,301,Return,2026-01-30T04:45:25.203041
500,78,,301,290,Sale,2026-03-24T22:35:00.559145
501,78,10,290,303,Sale,2026-03-11T18:20:44.381655
502,78,11,303,298,PO received,2026-01-22T05:45:31.140466
503,78,33,298,314,Manual adjustment,2026-05-03T20:41:58.438140
504,78,28,314,316,Sale,2026-04-27T02:32:09.926301
505,79,8,13,0,Manual adjustment,2026-03-29T19:48:01.510766
506,79,14,0,15,PO received,2026-04-13T16:25:36.407822
507,79,6,15,2,Manual adjustment,2026-04-24T21:02:18.471641
508,79,35,2,0,Sale,2026-03-04T07:07:25.724422
509,79,15,0,17,Return,2026-01-16T03:35:42.711688
510,80,10,54,71,Expired,2026-02-05T03:44:39.891287
511,80,28,71,91,Return,2026-01-07T20:44:36.435974
512,80,48,91,113,Return,2026-04-21T01:50:34.982150
513,80,,113,123,Manual adjustment,2026-01-14T13:17:38.044487
514,80,,123,106,Return,2026-03-11T22:34:52.639893
515,80,16,106,141,Expired,2026-03-21T16:00:08.912584
516,80,3,141,160,PO received,2026-01-31T14:02:00.923997
517,81,31,126,169,Return,2026-01-19T00:27:07.377161
518,81,37,169,204,Sale,2026-04-27T07:56:36.769164
519,81,,204,199,PO received,2026-05-09T23:44:41.813213
520,81,50,199,217,Expired,2026-03-14T16:25:52.427269
521,81,34,217,221,Sale,2026-02-19T13:40:03.275316
522,81,31,221,239,PO received,2026-04-15T23:48:23.000075
523,81,,239,246,Sale,2026-04-02T16:01:54.993147
524,81,,246,237,Sale,2026-05-11T01:49:31.427568
525,82,42,70,105,Expired,2026-03-23T13:41:03.888194
526,82,36,105,89,Return,2026-02-18T23:53:31.298486
527,82,,89,78,Manual adjustment,2026-01-14T23:42:05.099818
528,82,44,78,86,Sale,2026-02-24T02:18:03.600717
529,82,50,86,124,PO received,2026-03-03T21:53:05.706233
530,82,,124,174,PO received,2026-05-12T08:40:34.684392
531,82,,174,205,Return,2026-01-21T06:44:26.952669
532,82,9,205,228,Return,2026-01-29T12:17:28.015829
533,83,,188,195,Manual adjustment,2026-05-05T23:39:39.878734
534,83,,195,202,Expired,2026-05-04T03:35:44.869843
535,83,4,202,241,Sale,2026-05-05T12:57:59.188705
536,83,,241,255,Expired,2026-01-28T09:15:54.168187
537,83,37,255,255,Return,2026-01-24T17:35:58.113694
538,83,11,255,243,Expired,2026-04-25T08:22:31.586997
539,83,12,243,280,PO received,2026-05-14T06:51:57.888429
540,83,,280,270,PO received,2026-03-20T18:35:01.926067
541,83,17,270,252,Expired,2026-03-31T16:51:45.209991
542,83,,252,277,Manual adjustment,2026-05-01T05:08:11.034304
543,84,,128,138,PO received,2026-04-11T18:32:35.078231
544,84,,138,170,Return,2026-02-25T03:31:20.811263
545,84,,170,158,Return,2026-04-26T20:08:52.788336
546,84,,158,149,Expired,2026-05-12T22:46:06.619648
547,84,,149,142,Return,2026-02-01T19:34:00.149910
548,85,11,197,197,Sale,2026-04-26T14:31:30.085890
549,85,,197,243,Sale,2026-03-13T16:21:43.788573
550,85,9,243,243,Return,2026-04-23T06:27:21.619482
551,85,13,243,265,Manual adjustment,2026-02-02T13:11:25.233518
552,86,21,41,27,Return,2026-04-08T05:01:36.254379
553,86,,27,9,Manual adjustment,2026-05-04T04:31:08.362377
554,86,,9,8,Sale,2026-04-16T19:01:20.245447
555,86,,8,26,Expired,2026-04-06T04:32:28.722207
556,87,42,185,212,Return,2026-03-30T21:17:30.281700
557,87,41,212,205,Manual adjustment,2026-04-10T12:26:16.371345
558,87,4,205,196,Return,2026-03-04T00:45:59.091221
559,87,42,196,204,Sale,2026-03-22T14:59:01.229254
560,87,,204,194,Return,2026-01-23T17:42:29.785716
561,87,19,194,191,PO received,2026-05-01T08:25:51.059495
562,87,,191,190,Expired,2026-03-01T13:14:43.585263
563,87,14,190,199,Manual adjustment,2026-05-02T04:19:39.866538
564,88,,88,137,Sale,2026-04-09T12:14:58.435110
565,88,,137,130,Expired,2026-04-04T14:25:07.320906
566,88,29,130,135,PO received,2026-03-01T12:39:25.533784
567,88,19,135,149,PO received,2026-03-13T05:42:01.075122
568,88,,149,160,Return,2026-02-16T03:03:55.166043
569,88,41,160,181,Expired,2026-03-23T16:35:11.823500
570,88,39,181,195,Expired,2026-02-27T20:01:05.943494
571,89,29,69,78,Expired,2026-01-14T09:41:47.353146
572,89,10,78,77,Expired,2026-01-02T14:55:47.706546
573,89,32,77,117,Sale,2026-05-15T17:11:08.816201
574,89,21,117,113,PO received,2026-01-10T05:02:54.478053
575,89,23,113,146,Manual adjustment,2026-02-04T15:42:35.783031
576,89,43,146,147,Manual adjustment,2026-04-29T17:03:08.740566
577,89,49,147,152,Expired,2026-02-03T16:59:29.834400
578,90,11,116,123,Return,2026-02-15T12:09:34.152307
579,90,,123,135,PO received,2026-01-02T20:40:31.868528
580,90,,135,161,Expired,2026-04-28T10:46:28.592291
581,91,41,125,164,Return,2026-01-27T17:06:21.568867
582,91,,164,153,Return,2026-01-27T10:14:49.588070
583,91,,153,151,Sale,2026-03-14T02:22:54.677351
584,91,,151,181,Sale,2026-04-16T23:33:56.664432
585,91,23,181,199,PO received,2026-04-08T13:37:52.776085
586,91,31,199,186,Expired,2026-03-01T01:30:57.002137
587,91,44,186,211,Expired,2026-02-25T20:51:53.329399
588,91,32,211,260,Manual adjustment,2026-04-06T22:10:17.671533
589,91,41,260,279,Return,2026-05-06T20:26:59.277816
590,91,13,279,327,Return,2026-04-15T07:07:29.681823
591,92,50,151,169,Expired,2026-01-01T15:25:34.069127
592,92,40,169,186,PO received,2026-04-28T17:24:32.530627
593,92,47,186,182,Return,2026-04-29T16:25:47.854274
594,92,13,182,162,Manual adjustment,2026-02-28T17:21:42.992847
595,92,,162,171,Sale,2026-05-11T08:01:41.962265
596,92,32,171,171,Manual adjustment,2026-02-08T18:44:33.249189
597,92,28,171,217,Expired,2026-04-29T13:03:21.664300
598,92,,217,213,Return,2026-05-03T15:31:12.377447
599,93,15,30,24,Sale,2026-01-10T14:01:06.962231
600,93,7,24,25,PO received,2026-05-09T10:12:24.842111
601,93,47,25,62,Return,2026-04-08T08:13:41.519735
602,93,19,62,72,Sale,2026-02-06T02:17:48.248651
603,93,,72,118,Expired,2026-03-06T22:34:33.304360
604,93,16,118,118,Expired,2026-02-03T17:42:11.661318
605,93,16,118,109,Return,2026-02-15T22:53:03.565094
606,93,,109,150,Sale,2026-01-10T10:04:06.596328
607,94,,190,226,PO received,2026-04-07T05:20:35.206850
608,94,14,226,249,PO received,2026-02-13T23:23:53.933538
609,94,5,249,281,Expired,2026-01-16T23:20:33.219936
610,94,,281,322,Expired,2026-04-30T00:21:33.681095
611,94,,322,313,Manual adjustment,2026-02-05T13:30:36.201414
612,94,,313,354,PO received,2026-04-11T10:23:38.821711
613,94,6,354,351,PO received,2026-01-31T07:45:28.836472
614,95,,110,122,Expired,2026-03-05T01:08:49.904088
615,95,,122,143,Return,2026-04-04T01:49:09.261443
616,95,50,143,126,Sale,2026-05-06T10:52:50.156246
617,95,40,126,107,Sale,2026-02-18T21:48:52.802810
618,95,37,107,119,Sale,2026-01-21T23:51:42.571400
619,95,,119,150,Manual adjustment,2026-03-05T19:17:48.419121
620,95,31,150,181,Sale,2026-03-05T03:02:45.439431
621,95,13,181,198,Return,2026-01-09T03:00:14.104089
622,96,,59,53,Manual adjustment,2026-05-15T18:19:17.858507
623,96,48,53,100,Return,2026-01-08T08:05:46.414347
624,96,36,100,88,Sale,2026-04-19T02:45:49.569037
625,96,37,88,69,Manual adjustment,2026-02-05T10:51:32.865459
626,96,46,69,115,Manual adjustment,2026-01-23T18:48:39.401230
627,96,22,115,136,Sale,2026-02-14T01:24:19.640931
628,97,48,103,133,Sale,2026-03-12T15:17:31.872404
629,97,48,133,174,PO received,2026-02-12T09:14:38.804867
630,97,29,174,175,Manual adjustment,2026-01-13T01:43:59.263040
631,97,,175,177,Sale,2026-04-03T07:43:07.919266
632,97,,177,161,Return,2026-02-19T10:25:50.641540
633,97,5,161,177,Return,2026-03-09T20:07:05.708097
634,97,41,177,191,Return,2026-03-01T15:01:23.363518
635,97,3,191,241,Sale,2026-01-25T22:37:44.529811
636,98,20,80,117,Manual adjustment,2026-04-28T15:36:04.292539
637,98,18,117,146,Expired,2026-03-28T17:15:50.702392
638,98,18,146,143,PO received,2026-03-29T22:50:28.895386
639,98,,143,176,Manual adjustment,2026-05-13T21:54:34.963194
640,98,41,176,195,PO received,2026-04-12T07:42:11.467647
641,99,,83,64,Return,2026-01-12T04:53:15.197078
642,99,,64,99,Expired,2026-01-17T15:59:19.294665
643,99,43,99,128,PO received,2026-02-18T21:23:24.070649
644,99,35,128,167,PO received,2026-04-10T10:30:29.648075
645,100,,156,167,PO received,2026-01-10T00:10:33.081659
646,100,30,167,173,PO received,2026-03-05T18:12:47.211810
647,100,4,173,214,Sale,2026-03-29T16:04:01.671222
648,100,4,214,229,Expired,2026-04-15T15:25:15.756602
649,100,7,229,246,Expired,2026-03-05T19:05:48.123677
650,100,15,246,251,Manual adjustment,2026-02-05T17:52:01.351207
